teacher_id,subject_id
T01,31901-2002
T01,30000-2002
T01,31900-0004
T01,31901-2007
T02,30000-1501
T03,31901-2006
T03,31901-2005
T04,31901-2010
T04,31901-2009
T04,31900-1002
T04,31901-2012
T04,30000-2002
T05,31901-2009
T06,30000-1202
T07,30000-2004
T07,31901-2017
T07,31900-0001
T07,30001-1003
T07,31901-2012
T07,31900-1001
T07,30001-1003
T08,31901-2013
T08,30000-2004
T08,31901-2005
T09,30001-1001
T10,30000-1201
T11,30000-1404
T12,30001-1002
T13,30000-2002